,ID,Username,Date,Retweet,Tweet,Hashtags,RT,SA,Float
0,1092721624866902016,Iafadh,2019-02-05 09:48:31,Sudahkah anda mengikuti kuis hari ini jika blm klik tautan ini,,2019GantiPresiden ,1,Netral,0.5063467025756836
0,1092721378950668288,khibar_p,2019-02-05 09:47:33,,Enak ya dapat proyek Warisan dari Rezim Sebelumnya amp tinggal gunting pita PrabowoIndonesiaMenang PrabowoSandiSolusiNKRI IndonesiaAdilMakmur PrabowoSandiIndonesiaJaya,2019GantiPresiden 2019TetapAntiPKI 2019TakutDiganti 2019PrabowoPresidenRI PrabowoIndonesiaMenang PrabowoSandiSolusiNKRI IndonesiaAdilMakmur PrabowoSandiIndonesiaJaya ,0,Negatif,0.09550132602453232
0,1092721231122460674,anca_sagala,2019-02-05 09:46:57,,durame batak,2019GantiPresiden ,0,Positif,0.7787083983421326
0,1092721125627293696,muhamma47073391,2019-02-05 09:46:32,,kehancuran sudah makin nampak pak makanya,,0,Netral,0.4765041768550873
0,1092721115728769024,suaraRakyt,2019-02-05 09:46:30,,,2019GantiPresiden ,0,Positif,0.7787083983421326
0,1092721027979694080,angelsmanagemen,2019-02-05 09:46:09,Izinkan sy brcerita di bwh soal akr rumput ini abng gojek kakek penjual buku amp mb pelayan warung Semoga mmbantu menepis keyakinan masy kcl ingin jkw priode No Kenyataannya di lap masy justru sgt realistis amp sdh muak dg kondisi hidup mereka saat ini,,,189,Negatif,0.25189176201820374
0,1092720804977029120,alfi_rcm77,2019-02-05 09:45:16,Menurut sobat twips paslon mana yang didukung oleh KH Maimoen Zubair Setelah vote tolong di Retweet yah biar seru JokowiLagi RomiMakelarDoa,,,444,Positif,0.860170841217041
0,1092720789965524993,sutari111,2019-02-05 09:45:12,,omongan seorang seluruh pendukung ribut mengklarifikasi Emang enak hahahaa,2019GantiPresiden ,0,Positif,0.7787083983421326
0,1092720686756356096,umat212,2019-02-05 09:44:48,Menurut sobat twips paslon mana yang didukung oleh KH Maimoen Zubair Setelah vote tolong di Retweet yah biar seru JokowiLagi RomiMakelarDoa,,,444,Positif,0.860170841217041
0,1092720657266204672,khibar_p,2019-02-05 09:44:41,,PrabowoIndonesiaMenang PrabowoSandiSolusiNKRI IndonesiaAdilMakmur PrabowoSandiIndonesiaJaya,2019GantiPresiden 2019TetapAntiPKI 2019TakutDiganti 2019PrabowoPresidenRI PrabowoIndonesiaMenang PrabowoSandiSolusiNKRI IndonesiaAdilMakmur PrabowoSandiIndonesiaJaya ,0,Positif,0.7787083983421326
0,1092720572629319680,anggiking,2019-02-05 09:44:20,Akhirnya UAS bicara Begitu keras nya UAS membantahnya kali ini Yang bayar gajimu siapa Allah yg bayar Jangan sombong jangan angkuh Hey junjunganmu itu bukan Tuhan,,,808,Positif,0.8679341673851013
0,1092720567508070400,okewaee,2019-02-05 09:44:19,Tiga Dokter Terancam Dipecat karena Pakai Ikat Kepala Warganet Asal Solo Rasa Korea Utara,,2019GantiPresiden ,4,Negatif,0.029301824048161507
0,1092720550806380545,Mbah_Buyung,2019-02-05 09:44:15,,ketawain sj sambil makan sup ayam PrabowoSandiUntukIndonesia PrabowoSandiIndonesiaJaya,2019GantiPresiden PrabowoSandiUntukIndonesia PrabowoSandiIndonesiaJaya ,0,Positif,0.9069763422012329
0,1092720543638274048,anca_sagala,2019-02-05 09:44:14,Kuis hadiah Kaos kerjsm amp Jakarta Syarat Follow amp RT Mjwb p tanyaan dsertai tagar Batang Padi yg sdh kering disebut apa bhs daerah masing pemenang diumumkan,,2019GantiPresiden ,43,Negatif,0.06426514685153961
0,1092720462939865089,khibar_p,2019-02-05 09:43:54,,PrabowoIndonesiaMenang PrabowoSandiSolusiNKRI IndonesiaAdilMakmur PrabowoSandiIndonesiaJaya,2019GantiPresiden 2019TetapAntiPKI 2019TakutDiganti 2019PrabowoPresidenRI PrabowoIndonesiaMenang PrabowoSandiSolusiNKRI IndonesiaAdilMakmur PrabowoSandiIndonesiaJaya ,0,Positif,0.7787083983421326
0,1092720313522040832,MSApunya,2019-02-05 09:43:19,,Sudahkah anda mengikuti kuis hari ini jika blm klik tautan ini,2019GantiPresiden ,1,Netral,0.5063467025756836
0,1092720310250496000,khibar_p,2019-02-05 09:43:18,,PrabowoIndonesiaMenang PrabowoSandiSolusiNKRI IndonesiaAdilMakmur PrabowoSandiIndonesiaJaya,2019GantiPresiden 2019TetapAntiPKI 2019TakutDiganti 2019PrabowoPresidenRI PrabowoIndonesiaMenang PrabowoSandiSolusiNKRI IndonesiaAdilMakmur PrabowoSandiIndonesiaJaya ,0,Positif,0.7787083983421326
0,1092719791167569920,tsabitpurnomo,2019-02-05 09:41:14,Sebaiknya tim bisa mencontoh azhar dalam menghadapi cecu unguk cebong Menjelang proklamasi Akal Sehat April alam takambang jadi guru,,,1,Negatif,0.09296213090419769
0,1092719483704172544,jp_hidayat,2019-02-05 09:40:01,Akhirnya UAS bicara Begitu keras nya UAS membantahnya kali ini Yang bayar gajimu siapa Allah yg bayar Jangan sombong jangan angkuh Hey junjunganmu itu bukan Tuhan,,,808,Positif,0.8679341673851013
0,1092719433842188288,serizagenji,2019-02-05 09:39:49,Izinkan sy brcerita di bwh soal akr rumput ini abng gojek kakek penjual buku amp mb pelayan warung Semoga mmbantu menepis keyakinan masy kcl ingin jkw priode No Kenyataannya di lap masy justru sgt realistis amp sdh muak dg kondisi hidup mereka saat ini,,,189,Negatif,0.25189176201820374
0,1092719137225207808,CSCHANNEL3,2019-02-05 09:38:38,,TV yang ngomong sapa yang ngoreng sapa maling kok teriak maling,2019GantiPresiden 2019PrabowoPresidenRI ,0,Positif,0.9734329581260681
0,1092718994786725888,RaidRifki,2019-02-05 09:38:04,,Jumpung,2019GantiPresiden ,0,Positif,0.7787083983421326
0,1092718895213899776,soemartono8,2019-02-05 09:37:41,,Asgard Inshaa Allah menang KyaiMaimoenDoakanPrabowo mantab pool,2019GantiPresiden 2019PrabowoPresidenRI KyaiMaimoenDoakanPrabowo ,0,Positif,0.9953097701072693
0,1092718838221860864,Kerja4As,2019-02-05 09:37:27,,Soal Doa Mbah Moen Sandi Lidah Manusia Dikuasai Allah,2019GantiPresiden ,0,Positif,0.9953097701072693
0,1092718771809198083,antonsuranton,2019-02-05 09:37:11,,Soal Doa Mbah Moen Sandi Lidah Manusia Dikuasai Allah IndonesiaAdilMakmur,IndonesiaAdilMakmur ,0,Positif,0.9953097701072693
0,1092718716440084480,Prawitadisastra,2019-02-05 09:36:58,Izinkan sy brcerita di bwh soal akr rumput ini abng gojek kakek penjual buku amp mb pelayan warung Semoga mmbantu menepis keyakinan masy kcl ingin jkw priode No Kenyataannya di lap masy justru sgt realistis amp sdh muak dg kondisi hidup mereka saat ini,,,189,Negatif,0.25189176201820374
0,1092718532377411584,selaluindo,2019-02-05 09:36:14,,Soal Doa Mbah Moen Sandi Lidah Manusia Dikuasai Allah,,0,Positif,0.9953097701072693
0,1092718474843967488,dafluca,2019-02-05 09:36:00,,Aamiin Ini menjadi cita rakyat Indonesia untuk GakMauKetipuLagi,GakMauKetipuLagi 17AprilGantiPresiden 2019GantiPresiden 2019PrabowoPresidenRI ,0,Positif,0.9480890035629272
0,1092718198355460096,soemartono8,2019-02-05 09:34:54,,congkak nya si id beliau tdk ingat bahwa gaji mentripun dibayar oleh RAKYAT SE INDONESIA KyaiMaimoenDoakanPrabowo utk menjadi Presiden RI colek Bram,2019GantiPresiden 2019PrabowoPresidenRI KyaiMaimoenDoakanPrabowo ,0,Positif,0.9142873287200928
0,1092718162359988225,Putry_Agustinaa,2019-02-05 09:34:46,,Kgk ush di ladeni yg begini mah Mau nyari sensasi dianya supaya apa mas Dapat like bnyk Truss apa lagi Ingat mba eh mas maksudnya Ingat Ada AZAB Yoo Ingat Ada AZAB Semoga Kau Mendapatkan AZABnya Aamiin Aamiin,2019GantiPresiden 2019PrabowoPresidenRI ,0,Negatif,0.2780466377735138
0,1092718008991068160,IalSarmadani,2019-02-05 09:34:09,,Hahahaha Ngelucu bung,2019GantiPresiden ,0,Positif,0.7787083983421326
0,1092717328020557824,morabudi,2019-02-05 09:31:27,,aku sudah tau IQ digit IPK lt ijazah palsu planga plongo boneka kacung penipu tukang hutang musuh ulama anti islam perusak NKRI RakyatSudahMuak HaramPilihPemimpinIngkarJanji,RakyatSudahMuak 2019PrabowoPresidenRI 17AprilPrabowoPresiden 2019GantiPresiden HaramPilihPemimpinIngkarJanji ,0,Netral,0.423664927482605
0,1092717158566522880,WizArt_adv,2019-02-05 09:30:46,,Terima Jasa Desain dan cetak untuk pemilu pemiludamai cetakapk alatperagakampanye tetapjokowi,capres2019 caleg2019 Pemilu2019 pemiludamai cetakapk alatperagakampanye JokowiMaruf2019 prabowosandi2019 tetapjokowi 2019GantiPresiden ,0,Positif,0.9926878213882446
0,1092717149490040832,AsifaNisreen,2019-02-05 09:30:44,Ketika sahabat yang sempat digadang gadang jadi Cawapres membuat pernyataan netral pada itu bermakna sebuah tolakan halus untuk bergabung dg kelompok yang mengindikasikan adanya hal prinsip yg tak pantas di dukung pada pasangan,,Pilpres2019 ,8,Positif,0.7605409026145935
0,1092717129600663552,Jokowi1xLagi,2019-02-05 09:30:40,Ketika sahabat yang sempat digadang gadang jadi Cawapres membuat pernyataan netral pada itu bermakna sebuah tolakan halus untuk bergabung dg kelompok yang mengindikasikan adanya hal prinsip yg tak pantas di dukung pada pasangan,,Pilpres2019 ,8,Positif,0.7605409026145935
0,1092717046276620288,bukit47,2019-02-05 09:30:20,Akhirnya UAS bicara Begitu keras nya UAS membantahnya kali ini Yang bayar gajimu siapa Allah yg bayar Jangan sombong jangan angkuh Hey junjunganmu itu bukan Tuhan,,,808,Positif,0.8679341673851013
0,1092717034809352192,indonesiamegah,2019-02-05 09:30:17,Ketika sahabat yang sempat digadang gadang jadi Cawapres membuat pernyataan netral pada itu bermakna sebuah tolakan halus untuk bergabung dg kelompok yang mengindikasikan adanya hal prinsip yg tak pantas di dukung pada pasangan,,Pilpres2019 ,8,Positif,0.7605409026145935
0,1092716712011546624,pujikrisdianto,2019-02-05 09:29:00,Izinkan sy brcerita di bwh soal akr rumput ini abng gojek kakek penjual buku amp mb pelayan warung Semoga mmbantu menepis keyakinan masy kcl ingin jkw priode No Kenyataannya di lap masy justru sgt realistis amp sdh muak dg kondisi hidup mereka saat ini,,,189,Negatif,0.25189176201820374
0,1092716606491258880,surgarakyat,2019-02-05 09:28:35,,Sandiaga Berjanji Bantu Pemasaran Ekspor Kerajinan Khas Kalteng,,0,Positif,0.7787083983421326
0,1092716602225680384,CintaLenstari,2019-02-05 09:28:34,,Sandiaga Berjanji Bantu Pemasaran Ekspor Kerajinan Khas Kalteng,,0,Positif,0.7787083983421326
0,1092716600602447872,aron_ashasb,2019-02-05 09:28:33,,Sandiaga Berjanji Bantu Pemasaran Ekspor Kerajinan Khas Kalteng,,0,Positif,0.7787083983421326
0,1092716497502257153,Sans20580686,2019-02-05 09:28:09,Mantul cik koh,,2019PRABOWOPRESIDEN 2019GANTIPRESIDEN 2019PrabowoSandi 2019PrabowoPresiden ,134,Positif,0.7787083983421326
0,1092716378694418432,BektiMahardika,2019-02-05 09:27:41,TUH KHAN y RAKYAT y JG YG MNTA MAAF Prmntaan Maaf slhsatu Rkyat Indonesia kpd Rusia trkait HoaxPropagandaRusia yg dsmpaikan Mr Jae CKUP SKLI PUNYA PRESIDENT MODEL BGNI ygmo krm rudal monggo lngsng ke alamt y Mr Jae z RAKYAT MALES RIBUT RAKYAT MO,,HoaxPropagandaRusia ,22,Positif,0.9489744901657104
0,1092716352408698881,arizoye,2019-02-05 09:27:34,,syadiah tja Haean id Optimis nambah utang triliun per hari wew,2019PrabowoSandi 2019PrabowoSandiMenang 2019GantiPresiden ,0,Negatif,0.1109396293759346
0,1092716277867503616,Putnop1,2019-02-05 09:27:16,,Jangan gara gara pilpres kalian bertengkar dengan keluarga Ingat Keluarga no Presiden no,2019PrabowoPresidenRI 2019GantiPresiden ,0,Positif,0.8639193773269653
0,1092715989827969024,EBRoestono,2019-02-05 09:26:08,HANYA ORANG DUNGU YANG BANGGA DENGAN TOL YANG MAHAL MINTA AMPUN BENTUK PENJAJAHAN INI MAH,,,42,Netral,0.48012271523475647
0,1092715887126241281,soemartono8,2019-02-05 09:25:43,,lho gpp sob itu kan emang gelar teko arek suroboyo gak papa paling KyaiMaimoenDoakanPrabowo utk menjadi Presiden RI,2019GantiPresiden 2019PrabowoPresidenRI KyaiMaimoenDoakanPrabowo ,0,Negatif,0.16258975863456726
0,1092715777801695237,cicis2910,2019-02-05 09:25:17,Ketika sahabat yang sempat digadang gadang jadi Cawapres membuat pernyataan netral pada itu bermakna sebuah tolakan halus untuk bergabung dg kelompok yang mengindikasikan adanya hal prinsip yg tak pantas di dukung pada pasangan,,Pilpres2019 ,8,Positif,0.7605409026145935
0,1092715498540691456,GUMEETER,2019-02-05 09:24:11,,Sama pak masa bohong terus ganti presiden ajalah,2019GantiPresiden ,0,Negatif,0.01745595782995224
0,1092715425698205696,ArifPra15535653,2019-02-05 09:23:53,Tiga Dokter Terancam Dipecat karena Pakai Ikat Kepala Warganet Asal Solo Rasa Korea Utara,,2019GantiPresiden ,35,Negatif,0.029301824048161507
0,1092715366411833344,aurelldunant,2019-02-05 09:23:39,,Keyword Puting Beliung Mati Lampu Kaca Pecah Histeris Khofifah Indar,2019GantiPresiden ,0,Positif,0.7787083983421326
0,1092715274703331328,adifaindra,2019-02-05 09:23:17,,Tiga Dokter Terancam Dipecat karena Pakai Ikat Kepala Warganet Asal Solo Rasa Korea Utara,2019GantiPresiden ,0,Negatif,0.029301824048161507
0,1092715245724942341,PrimaVardhana,2019-02-05 09:23:10,,Ini ASN yang cantik dan cerdas serta tak takut pada tekanan para pelayan masyarakat lain yang bergelar menteri UkhuwahIslamiyah,UkhuwahIslamiyah 2019GantiPresiden 2019PrabowoSandi 2019PrabowoPresiden ,0,Netral,0.5315842032432556
0,1092715217060978693,Rubkaryo323,2019-02-05 09:23:04,,Bisa jadi people power itu lae Masa sih tega hancurkan bangsa ini hanya demi kekuasaan Naudzubillah min Dzaliq Insuaa Allah,2019GantiPresiden ,0,Netral,0.5291258096694946
0,1092715113545576449,EdonKhusnudzon,2019-02-05 09:22:39,,Ini bukti JanganPilihRezimZalim KamiBersamaADP SaveAktivisBelaIslam,2019GantiPresiden JanganPilihRezimZalim KamiBersamaADP SaveAktivisBelaIslam ,0,Positif,0.7055456638336182
0,1092714973690617856,jamarytarigan,2019-02-05 09:22:06,Kode Keras dari Habib Bahar Smith Salam Akal Sehat,,2019GantiPresiden 2019PrabowoPresidenRI ,148,Negatif,0.23900867998600006
0,1092714822339358721,PrimaVardhana,2019-02-05 09:21:29,,Salah maneh Kook salah terus pakde Aduh katanya sarjana kehutanan Kook gak ngerti kalau beras dan singkong mengandung glukosa UkhuwahIslamiyah,UkhuwahIslamiyah 2019GantiPresiden 2019PrabowoSandi ,0,Positif,0.9708833694458008
0,1092714483556839424,supiaman_asep,2019-02-05 09:20:09,Setlh insya Allah RI kembali menjadi macan Asia bahkan Dunia RI akan disegani bangsa lain bila,,2019GantiPresiden ,0,Positif,0.993970513343811
0,1092714382365085696,supiaman_asep,2019-02-05 09:19:45,mensyukuri yg ada yg kaya begitu disyukuri Sontoloyo,,Sontoloyo 2019GantiPresiden ,1,Negatif,0.012337320484220982
0,1092714366078578688,doelparni,2019-02-05 09:19:41,Akhirnya UAS bicara Begitu keras nya UAS membantahnya kali ini Yang bayar gajimu siapa Allah yg bayar Jangan sombong jangan angkuh Hey junjunganmu itu bukan Tuhan,,,808,Positif,0.8679341673851013
0,1092714335225360386,supiaman_asep,2019-02-05 09:19:33,Akibat Kedunguan berbahasa Asing,,2019GantiPresiden ,1,Positif,0.7787083983421326
0,1092714272033927168,Asugiyantoo,2019-02-05 09:19:18,Kita Kampanye Damai aja ya Gaess Jgn spt yg Onoh Brutal Kita Kampanye Gembira aja Menang kok Ya gak,,,28,Positif,0.8675447702407837
0,1092714192027570176,Amanrozak97,2019-02-05 09:18:59,,Insyaa allah Insyaa allah Insyaa allah Indonesia akan punya pemimpin baru di tahun Allaahu akbar Indonesia Merdeka,2019gantipresiden 2019prabowopresiden ,0,Positif,0.9960082769393921
0,1092714015686504449,PrihadiBeny,2019-02-05 09:18:17,Ketika sahabat yang sempat digadang gadang jadi Cawapres membuat pernyataan netral pada itu bermakna sebuah tolakan halus untuk bergabung dg kelompok yang mengindikasikan adanya hal prinsip yg tak pantas di dukung pada pasangan,,Pilpres2019 ,8,Positif,0.7605409026145935
0,1092713634554273792,Saha70619450,2019-02-05 09:16:46,Photo Resmi Capres Cawapres di Surat Suara Pilpres Agar tetap Ingat dan gak lupa sampe April Latihan Nyoblos siapa yg paling banyak yokk LIKE RT JKWTakutPaparkanMisiVisi,,,2706,Positif,0.8971631526947021
0,1092713620830543874,suaraRakyt,2019-02-05 09:16:43,,Dengerin lagu yuk,2019GantiPresiden ,0,Positif,0.965268075466156
0,1092713559216115712,ulinyusron,2019-02-05 09:16:28,Ketika sahabat yang sempat digadang gadang jadi Cawapres membuat pernyataan netral pada itu bermakna sebuah tolakan halus untuk bergabung dg kelompok yang mengindikasikan adanya hal prinsip yg tak pantas di dukung pada pasangan,,Pilpres2019 ,8,Positif,0.7605409026145935
0,1092713271688228864,PrimaVardhana,2019-02-05 09:15:20,,PDIP makin dekat Pilpres makin membuka belang sendiri Allah mulai terlibat mengungkap aib mereka UkhuwahIslamiyah,UkhuwahIslamiyah 2019GantiPresiden 2019PrabowoSandi 2019PrabowoPresiden 2019SaatnyaMuslimCerdas ,0,Positif,0.9909355044364929
0,1092712892980375552,Dinar_Saraswati,2019-02-05 09:13:49,,KalbarMenangkanPrabowoSandi PrabowoSandiUntukIndonesia rapatkanshafbelaulama SaveAktivisBelaIslam JanganPilihRezimZalim StopKriminalisasiOposisi,KalbarMenangkanPrabowoSandi 2019PrabowoPresidenRI 2019GantiPresiden 2019JihadKawalTPS 17AprilGantiPresiden 17AprilCoblosPrabowoSandi PrabowoSandiUntukIndonesia rapatkanshafbelaulama SaveAktivisBelaIslam JanganPilihRezimZalim StopKriminalisasiOposisi ,0,Positif,0.7787083983421326
0,1092712764584321024,NCI4RI,2019-02-05 09:13:19,,Ketika sahabat yang sempat digadang gadang jadi Cawapres membuat pernyataan netral pada itu bermakna sebuah tolakan halus untuk bergabung dg kelompok yang mengindikasikan adanya hal prinsip yg tak pantas di dukung pada pasangan,Pilpres2019 2019GantiPresiden 2019PrabowoSandi ,8,Positif,0.9138662815093994
0,1092712577342177281,Dinar_Saraswati,2019-02-05 09:12:34,,KalbarMenangkanPrabowoSandi PrabowoSandiUntukIndonesia RapatkanShafBelaUlama SaveAktivisBelaIslam JanganPilihRezimZalim StopKriminalisasiOposisi,KalbarMenangkanPrabowoSandi 2019PrabowoPresidenRI 2019GantiPresiden 2019JihadKawalTPS PrabowoSandiUntukIndonesia RapatkanShafBelaUlama SaveAktivisBelaIslam JanganPilihRezimZalim StopKriminalisasiOposisi ,0,Positif,0.7787083983421326
0,1092712414297055232,Niawahdania667,2019-02-05 09:11:55,Kode Keras dari Habib Bahar Smith Salam Akal Sehat,,2019GantiPresiden 2019PrabowoPresidenRI ,148,Negatif,0.23900867998600006
0,1092712404457185285,muhammadsyakur2,2019-02-05 09:11:53,,Semoga Indonesia memiliki pemimpin baru ini Aamiin,2019GantiPresiden 2019PrabowoPresidenRI ,0,Positif,0.7367565035820007
0,1092712348811354113,MJokoS6,2019-02-05 09:11:40,Izinkan sy brcerita di bwh soal akr rumput ini abng gojek kakek penjual buku amp mb pelayan warung Semoga mmbantu menepis keyakinan masy kcl ingin jkw priode No Kenyataannya di lap masy justru sgt realistis amp sdh muak dg kondisi hidup mereka saat ini,,,189,Negatif,0.25189176201820374
0,1092712308571160576,onesoultweet,2019-02-05 09:11:30,Bikin jalan Tol pakai duit Utang Negara yang bayar Rakyat Tapi Rakyat Yang nggak dukung Pakde nggak boleh lewat Jalan Tol Gile Lu Ndro ItuNamanyaJancuk PrabowoIndonesiaMenang,,,2,Netral,0.6271512508392334
0,1092712200693735426,AlQossam3,2019-02-05 09:11:04,Tiga Dokter Terancam Dipecat karena Pakai Ikat Kepala Warganet Asal Solo Rasa Korea Utara,,2019GantiPresiden ,4,Negatif,0.029301824048161507
0,1092712189847166981,feerzylant,2019-02-05 09:11:02,Yth Pemerintah dan Rakyat Rusia cq Ibu Dubes Rusia di Jakarta Kami mohon maaf atas ucapan yg tdk sepatutnya dr salah seorang tokoh politik dr negara kami Yakinlah bhw itu bukan mewakili suara rakyat Indonesia Sbg bukti permohonan maaf maka kami bertekad,,,52,Positif,0.9782789349555969
0,1092712120238493696,imam_bkh,2019-02-05 09:10:45,Pesan Perjuangan Calon Presiden RI H Prabowo Subianto kepada Emak Emak dan Relawan IndonesiaMenang,,2019PrabowoPresidenRI ,20,Negatif,0.0028211623430252075
0,1092711932602155008,morabudi,2019-02-05 09:10:00,,maklumi aja IQ digit IPK lt ijazah palsu planga plongo boneka kacung penipu tukang hutang musuh ulama anti islam perusak NKRI RakyatSudahMuak HaramPilihPemimpinIngkarJanji,RakyatSudahMuak 2019PrabowoPresidenRI 17AprilPrabowoPresiden 2019GantiPresiden HaramPilihPemimpinIngkarJanji ,0,Negatif,0.28192728757858276
0,1092711876784476160,PrimaVardhana,2019-02-05 09:09:47,,Indonesia dengan penduduk muslim terbanyak di dunia mana kok melempem Kok beda dengan saat janji dalam kampanye Pilpres dahulu UkhuwahIslamiyah,UkhuwahIslamiyah 2019GantiPresiden ,0,Positif,0.9553460478782654
0,1092711862473355264,MohamadCendikia,2019-02-05 09:09:44,,,2019GantiPresiden ,0,Positif,0.7787083983421326
0,1092711538954326016,PrimaVardhana,2019-02-05 09:08:27,,Presiden kok kebijakannya sering direvisi menteri Ini sebuah fakta kalau dia gak mampu jadi kepala negara sehingga selalu salah berkebijakan UkhuwahIslamiyah,UkhuwahIslamiyah 2019GantiPresiden 2019PrabowoSandi ,0,Negatif,0.11290249228477478
0,1092711506368548864,Revolusi411,2019-02-05 09:08:19,,Walau paslon belum pernah teruji jadi pemimpin negara tapi paslon sudah terbukti gagal memimpin negara,2019GantiPresiden ,0,Positif,0.7953959703445435
0,1092711288852090880,Kerja4As,2019-02-05 09:07:27,,Sandiaga Uno soroti kasus penyelundupan rotan di Kalimantan Tengah,2019GantiPresiden ,0,Positif,0.8291372060775757
0,1092711249308192768,antonsuranton,2019-02-05 09:07:18,,Sandiaga Uno soroti kasus penyelundupan rotan di Kalimantan Tengah IndonesiaAdilMakmur,IndonesiaAdilMakmur ,0,Positif,0.8291372060775757
0,1092710985331138561,Revolusi411,2019-02-05 09:06:15,,Yang masih dukung belum waras,2019GantiPresiden ,0,Positif,0.8410158157348633
0,1092710815533228032,wi_orangbiasa,2019-02-05 09:05:34,Kuis hadiah Kaos kerjsm amp Jakarta Syarat Follow amp RT Mjwb p tanyaan dsertai tagar Batang Padi yg sdh kering disebut apa bhs daerah masing pemenang diumumkan,,2019GantiPresiden ,43,Negatif,0.06426514685153961
0,1092710788970631168,wi_orangbiasa,2019-02-05 09:05:28,,Jarami sunda,2019GantiPresiden ,0,Positif,0.7787083983421326
0,1092710578399805445,Fajar_RAR,2019-02-05 09:04:38,Akhirnya UAS bicara Begitu keras nya UAS membantahnya kali ini Yang bayar gajimu siapa Allah yg bayar Jangan sombong jangan angkuh Hey junjunganmu itu bukan Tuhan,,,808,Positif,0.8679341673851013
0,1092710393049272320,mardi_kamil,2019-02-05 09:03:53,Izinkan sy brcerita di bwh soal akr rumput ini abng gojek kakek penjual buku amp mb pelayan warung Semoga mmbantu menepis keyakinan masy kcl ingin jkw priode No Kenyataannya di lap masy justru sgt realistis amp sdh muak dg kondisi hidup mereka saat ini,,,189,Negatif,0.25189176201820374
0,1092709931671740416,SintaLaurah,2019-02-05 09:02:03,,Sandiaga Berjanji Bantu Pemasaran Ekspor Kerajinan Khas Kalteng,,0,Positif,0.7787083983421326
0,1092709814294188034,selaluindo,2019-02-05 09:01:35,,Sandiaga Uno soroti kasus penyelundupan rotan di Kalimantan Tengah,,0,Positif,0.8291372060775757
0,1092709787291152384,Zamanimarwan1,2019-02-05 09:01:29,Kalimantan Barat PAS Anak kecil beli sarden April ganti Presiden Anak kecil bajunya biru April Presiden baru Anak kecil menanam PADI April Prabowo Sandi,,,25,Negatif,0.007093915715813637
0,1092709625453936641,Boboy75305386,2019-02-05 09:00:50,Tiga Dokter Terancam Dipecat karena Pakai Ikat Kepala Warganet Asal Solo Rasa Korea Utara,,2019GantiPresiden ,35,Negatif,0.029301824048161507
0,1092709505798950912,agusalfath,2019-02-05 09:00:22,,Tiga Dokter Terancam Dipecat karena Pakai Ikat Kepala Warganet Asal Solo Rasa Korea Utara,2019GantiPresiden ,0,Negatif,0.029301824048161507
0,1092709473116798976,RikiAla36393569,2019-02-05 09:00:14,,tak absolut dan antidemokrasi KoalisiPrabohong WowoCapresAbadi,2019PrabowoSandi 2019PrabowoPresiden 2019GantiPresiden 17AprilCoblosNomor2 17AprilPrabowoPresiden 17AprilPrabowoSandi 2019PrabowoPresidenRI KoalisiPrabohong WowoCapresAbadi ,0,Positif,0.7981909513473511
0,1092709088872456192,Themark38825398,2019-02-05 08:58:42,,tanti Makasih emak kan,2019GantiPresiden ,0,Negatif,0.17232616245746613
0,1092708905925324801,Ihwan22204042,2019-02-05 08:57:59,Mari kita bergerak Bersama Warga NU utk memenangkan PrabowoSandi Liatlah Nasehat dan Petuah Gus Miftah TIDAK ADA KEWAJIBAN warga NU memilih KMA Inshaa Allah IndonesiaAdilMakmur PrabowoSandiUntukIndonesia,,PrabowoSandi ,350,Positif,0.9966490864753723
0,1092708898706939904,Adypratama_AP,2019-02-05 08:57:57,,id Males ah mau nyoblos yang lain aja yang mempunyai intergritas kepimpinan HoaxPropagandaRusia,HoaxPropagandaRusia 2019GantiPresiden ,0,Positif,0.9874373078346252
0,1092708865022382080,Takkeru29,2019-02-05 08:57:49,,Lubang kosong di korek ya dungu,2019GantiPresiden 2019PrabowoSandi ,0,Positif,0.9594218730926514
0,1092708810114748416,KaptenLudfi,2019-02-05 08:57:36,Izinkan sy brcerita di bwh soal akr rumput ini abng gojek kakek penjual buku amp mb pelayan warung Semoga mmbantu menepis keyakinan masy kcl ingin jkw priode No Kenyataannya di lap masy justru sgt realistis amp sdh muak dg kondisi hidup mereka saat ini,,,189,Negatif,0.25189176201820374
0,1092708745333723137,cahadiyat,2019-02-05 08:57:21,Akhirnya UAS bicara Begitu keras nya UAS membantahnya kali ini Yang bayar gajimu siapa Allah yg bayar Jangan sombong jangan angkuh Hey junjunganmu itu bukan Tuhan,,,808,Positif,0.8679341673851013
0,1092708700626640896,abangpeni,2019-02-05 08:57:10,Mantul cik koh,,2019PRABOWOPRESIDEN 2019GANTIPRESIDEN 2019PrabowoSandi 2019PrabowoPresiden ,134,Positif,0.7787083983421326
0,1092708661992935424,cahadiyat,2019-02-05 08:57:01,Izinkan sy brcerita di bwh soal akr rumput ini abng gojek kakek penjual buku amp mb pelayan warung Semoga mmbantu menepis keyakinan masy kcl ingin jkw priode No Kenyataannya di lap masy justru sgt realistis amp sdh muak dg kondisi hidup mereka saat ini,,,189,Negatif,0.25189176201820374
0,1092708583018393600,bajigurceleng,2019-02-05 08:56:42,Yth Pemerintah dan Rakyat Rusia cq Ibu Dubes Rusia di Jakarta Kami mohon maaf atas ucapan yg tdk sepatutnya dr salah seorang tokoh politik dr negara kami Yakinlah bhw itu bukan mewakili suara rakyat Indonesia Sbg bukti permohonan maaf maka kami bertekad,,,52,Positif,0.9782789349555969
0,1092708521999708160,Serulingbambu4,2019-02-05 08:56:27,,IBHRS mhd tetap mau digiring opini seperti apapun rakyaberdaulat menentukan siapa yang pantas dan mampu menjadi pemimpin,2019GantiPresiden rakyaberdaulat 17AprilCoblosPrabowoSandi ,0,Positif,0.9870629906654358
0,1092708378663518208,enigma_nikenko,2019-02-05 08:55:53,Izinkan sy brcerita di bwh soal akr rumput ini abng gojek kakek penjual buku amp mb pelayan warung Semoga mmbantu menepis keyakinan masy kcl ingin jkw priode No Kenyataannya di lap masy justru sgt realistis amp sdh muak dg kondisi hidup mereka saat ini,,,189,Negatif,0.25189176201820374
0,1092708343146115073,mahdlarmy,2019-02-05 08:55:45,,,2019gantipresiden 2019prabowopresidenRI ,0,Positif,0.7787083983421326
0,1092708290348363776,AhmadSuaib77,2019-02-05 08:55:32,,Tiga Dokter Terancam Dipecat karena Pakai Ikat Kepala Warganet Asal Solo Rasa Korea Utara,2019GantiPresiden ,0,Negatif,0.029301824048161507
0,1092708237227376640,JRD29258435,2019-02-05 08:55:19,Tiga Dokter Terancam Dipecat karena Pakai Ikat Kepala Warganet Asal Solo Rasa Korea Utara,,2019GantiPresiden ,35,Negatif,0.029301824048161507
0,1092708190691614720,BontotBanten,2019-02-05 08:55:08,Dengerin nih junjungan lu BONG Sekelas petahana ngomong didepan jinjingannya narasinya cuma ratna ratna Lu kan punya prestasi katanya Keluarin dong didepan pendukungmu Jae Dari dulu narasinya provokator mulu,,,529,Positif,0.8722349405288696
0,1092708099012448256,Anisfuad74gmai1,2019-02-05 08:54:46,,,2019GantiPresiden ,0,Positif,0.7787083983421326
0,1092707985334296577,Ibnusrifa,2019-02-05 08:54:19,Pesan Perjuangan Calon Presiden RI H Prabowo Subianto kepada Emak Emak dan Relawan IndonesiaMenang,,2019PrabowoPresidenRI ,20,Negatif,0.0028211623430252075
0,1092707641560682496,z4ied,2019-02-05 08:52:57,Yang Retwit atau like amp komen ku follow SalingFollow,,2019GantiPresiden SalingFollow 2019PrabowoSandi ,2224,Negatif,0.040639303624629974
0,1092707576611893255,Bansul2,2019-02-05 08:52:42,Menurut sobat twips paslon mana yang didukung oleh KH Maimoen Zubair Setelah vote tolong di Retweet yah biar seru JokowiLagi RomiMakelarDoa,,,444,Positif,0.860170841217041
0,1092707494105776129,and13er,2019-02-05 08:52:22,Izinkan sy brcerita di bwh soal akr rumput ini abng gojek kakek penjual buku amp mb pelayan warung Semoga mmbantu menepis keyakinan masy kcl ingin jkw priode No Kenyataannya di lap masy justru sgt realistis amp sdh muak dg kondisi hidup mereka saat ini,,,189,Negatif,0.25189176201820374
0,1092707329932288000,awinkrafael,2019-02-05 08:51:43,Izinkan sy brcerita di bwh soal akr rumput ini abng gojek kakek penjual buku amp mb pelayan warung Semoga mmbantu menepis keyakinan masy kcl ingin jkw priode No Kenyataannya di lap masy justru sgt realistis amp sdh muak dg kondisi hidup mereka saat ini,,,189,Negatif,0.25189176201820374
0,1092707157076660224,Yogihape,2019-02-05 08:51:02,,Kami bersamamu pak,2019GantiPresiden 2019PrabowoPresiden 2019PrabowoSandi ,0,Netral,0.5101515650749207
0,1092706891388542976,Partono_ADjem,2019-02-05 08:49:59,Izinkan sy brcerita di bwh soal akr rumput ini abng gojek kakek penjual buku amp mb pelayan warung Semoga mmbantu menepis keyakinan masy kcl ingin jkw priode No Kenyataannya di lap masy justru sgt realistis amp sdh muak dg kondisi hidup mereka saat ini,,,189,Negatif,0.25189176201820374
0,1092706759288844288,RufAnshori,2019-02-05 08:49:27,Yang Retwit atau like amp komen ku follow SalingFollow,,2019GantiPresiden SalingFollow 2019PrabowoSandi ,2224,Negatif,0.040639303624629974
0,1092706615164252161,SHusnianingsih,2019-02-05 08:48:53,Prabowo bilang ia tidak menopang khilafah namun nyatanya Ia mengerti tagar merupakan tagar yang ditunggangi HTI bagikan viralkan sebarkan CapresBunglon,,2019gantipresiden ,6,Negatif,0.0012105146888643503
0,1092706565621084161,bib3guna,2019-02-05 08:48:41,Yth Pemerintah dan Rakyat Rusia cq Ibu Dubes Rusia di Jakarta Kami mohon maaf atas ucapan yg tdk sepatutnya dr salah seorang tokoh politik dr negara kami Yakinlah bhw itu bukan mewakili suara rakyat Indonesia Sbg bukti permohonan maaf maka kami bertekad,,,52,Positif,0.9782789349555969
0,1092706487799967744,Adypratama_AP,2019-02-05 08:48:22,,Dan please mbak jangan sok tau sama pansus hak angket KPK kalo situ gak ngerti seluk beluknya aduh kayak gini kok mo jadi caleg darurat caleg cerdas berintegritas jujur dan amanah Eh tambah satu bertaqwa kepada Tuhan yang maha Esa HoaxPropagandaRusia,HoaxPropagandaRusia 2019GantiPresiden ,0,Positif,0.9829347729682922
0,1092706385492463616,swaranesia1,2019-02-05 08:47:58,,nat Bisik bisik menukik maaf,2019GantiPresiden ,0,Positif,0.7787083983421326
0,1092706340407918592,aedvignetteart,2019-02-05 08:47:47,Libur ngopi dulu sambil menjaga stamina untuk sebuah perubahan yang baru Patters Partaidemokratjaya,,,6,Positif,0.9631184935569763
0,1092705767294099457,swaranesia1,2019-02-05 08:45:31,,Jiwa Merdeka adalah Bisikan Suci,2019GantiPresiden ,0,Positif,0.9422117471694946
0,1092705755122130950,jojoerfan,2019-02-05 08:45:28,Mantul cik koh,,2019PRABOWOPRESIDEN 2019GANTIPRESIDEN 2019PrabowoSandi 2019PrabowoPresiden ,134,Positif,0.7787083983421326
0,1092705627262996481,SurYosodipuro_,2019-02-05 08:44:57,Bikin jalan Tol pakai duit Utang Negara yang bayar Rakyat Tapi Rakyat Yang nggak dukung Pakde nggak boleh lewat Jalan Tol Gile Lu Ndro ItuNamanyaJancuk PrabowoIndonesiaMenang,,,2,Netral,0.6271512508392334
0,1092705515182804997,pemudimu,2019-02-05 08:44:30,HANYA ORANG DUNGU YANG BANGGA DENGAN TOL YANG MAHAL MINTA AMPUN BENTUK PENJAJAHAN INI MAH,,,42,Netral,0.48012271523475647
0,1092705308508590080,dukun4duit,2019-02-05 08:43:41,,diaz dias shinta shanti lowongankerja diazyusufilham diaspurnamayusuf info cameltoe dukuncabul pengajiancondet pemilu motogp,,0,Positif,0.7787083983421326
0,1092705200119283713,Adypratama_AP,2019-02-05 08:43:15,,Masa sih yakin mengekang kebebasan berpendapat kayaknya banyakan yang berpendapat ke presiden sih yang diambil hak kebebasannya HoaxPropagandaRusia HoaxnyaGoInternasional,HoaxPropagandaRusia HoaxnyaGoInternasional 2019GantiPresiden ,0,Positif,0.9251351952552795
0,1092704781552865280,supriyono_77,2019-02-05 08:41:36,,justru kita dlm situasi seperti ini yg terbelah mesti konsolidasi dgn kejernihan hati dan akal sehat hakekatnya siapapun presiden terpilih kita yg berdaulat dan konsekwensi dari kegagalan,2019GantiPresiden ,0,Positif,0.9183125495910645
0,1092704621133410305,JackTheRock4,2019-02-05 08:40:57,Mantul cik koh,,2019PRABOWOPRESIDEN 2019GANTIPRESIDEN 2019PrabowoSandi 2019PrabowoPresiden ,134,Positif,0.7787083983421326
0,1092704303364505600,PaatEdwin,2019-02-05 08:39:42,Internal Alhamdulillah vs SW Selisih geb Jika kita naik maka mereka turun SW masih belum bergerak di angka Insya Allah pekan ini Cross Berdoa amp Berusaha,,Internal ,2340,Positif,0.9719952940940857
0,1092704270414008320,Adypratama_AP,2019-02-05 08:39:34,,Mbak please jangan ke PDan ngomongin apa yang belum terjadi geli tau gak sih dengernya paling paling juga nurut sama ketum psi atau sudah HoaxPropagandaRusia HoaxnyaGoInternasional,HoaxPropagandaRusia HoaxnyaGoInternasional 2019GantiPresiden ,0,Netral,0.5424062013626099
0,1092704198859182082,hariagunga,2019-02-05 08:39:17,Kita Kampanye Damai aja ya Gaess Jgn spt yg Onoh Brutal Kita Kampanye Gembira aja Menang kok Ya gak,,,28,Positif,0.8675447702407837
0,1092704196325851136,Sang_khandaq,2019-02-05 08:39:16,,,2019GantiPresiden 2019PrabowoPresidenRI ,0,Positif,0.7787083983421326
0,1092704160917512192,hes_tyyy,2019-02-05 08:39:08,Kalimantan Barat PAS Anak kecil beli sarden April ganti Presiden Anak kecil bajunya biru April Presiden baru Anak kecil menanam PADI April Prabowo Sandi,,,25,Negatif,0.007093915715813637
0,1092703991719387136,firqiana,2019-02-05 08:38:27,Prabowo bilang ia tidak menopang khilafah namun nyatanya Ia mengerti tagar merupakan tagar yang ditunggangi HTI bagikan viralkan sebarkan CapresBunglon,,2019gantipresiden ,6,Negatif,0.0012105146888643503
0,1092703955757355009,ivondarm,2019-02-05 08:38:19,Tiga Dokter Terancam Dipecat karena Pakai Ikat Kepala Warganet Asal Solo Rasa Korea Utara,,2019GantiPresiden ,35,Negatif,0.029301824048161507
0,1092703850253889536,bprayoga2009,2019-02-05 08:37:54,,Ndeloken ae Tukang ngapusi yo ga bakal dadi presiden,2019GantiPresiden 2019PrabowoPresiden 2019PrabowoSandi ,0,Negatif,0.35169321298599243
0,1092703832524509184,Ag_Noegroho22,2019-02-05 08:37:49,Izinkan sy brcerita di bwh soal akr rumput ini abng gojek kakek penjual buku amp mb pelayan warung Semoga mmbantu menepis keyakinan masy kcl ingin jkw priode No Kenyataannya di lap masy justru sgt realistis amp sdh muak dg kondisi hidup mereka saat ini,,,189,Negatif,0.25189176201820374
0,1092703803965505536,hapsarinda,2019-02-05 08:37:42,Prabowo bilang ia tidak menopang khilafah namun nyatanya Ia mengerti tagar merupakan tagar yang ditunggangi HTI bagikan viralkan sebarkan CapresBunglon,,2019gantipresiden ,6,Negatif,0.0012105146888643503
0,1092703770339753986,hes_tyyy,2019-02-05 08:37:34,Izinkan sy brcerita di bwh soal akr rumput ini abng gojek kakek penjual buku amp mb pelayan warung Semoga mmbantu menepis keyakinan masy kcl ingin jkw priode No Kenyataannya di lap masy justru sgt realistis amp sdh muak dg kondisi hidup mereka saat ini,,,189,Negatif,0.25189176201820374
0,1092703687108116480,Kerja4As,2019-02-05 08:37:15,,Milad ke Badan Kontak Majelis Taklim BKMT Deklarasikan Dukungan untuk Prabowo Sandi,2019GantiPresiden ,0,Positif,0.9827272295951843
0,1092703650332450816,antonsuranton,2019-02-05 08:37:06,,Milad ke Badan Kontak Majelis Taklim BKMT Deklarasikan Dukungan untuk Prabowo Sandi IndonesiaAdilMakmur,IndonesiaAdilMakmur ,0,Positif,0.9827272295951843
0,1092703389941587968,nasrinnasution,2019-02-05 08:36:04,,Hal kecil begini pun dihebohkan dipemerintahan yang akan datang gak ada lagi yang begini Aamiin doayangtertukar KamuDigajiSiapa KalbarMenangkanPrabowoSandi,doayangtertukar KamuDigajiSiapa KalbarMenangkanPrabowoSandi 2019PrabowoPresidenRI 2019GantiPresiden ,0,Positif,0.8816064596176147
0,1092703342814388224,Ellawaty16,2019-02-05 08:35:53,Kakek ini bercerita Kacang hasil panennya dibeli sangat murah padahal kl sdh di pasar se kgnya lumayan mahal ya Berhubung TDL naik terus hasil jualannya terkadang tidak cukup utk membayar listrik Si kakek berharap PrabowoSandi,,,5,Positif,0.8341044783592224
0,1092702860481945601,Adypratama_AP,2019-02-05 08:33:58,,Kasih taulah pak walikotanya jangan seenaknya kalau ngomong JatengGayeng,JatengGayeng 2019GantiPresiden ,0,Negatif,0.09815037995576859
0,1092702713710764033,swaranesia1,2019-02-05 08:33:23,,tunggu tanggal maennya termehek mehek ntar dia AllahuAkbar AllahuAkbar bisikan Alam memberi tanda KyaiMaemoenDoakanPrabowo Golongan Kami Bersiap dan Bergerak,KyaiMaemoenDoakanPrabowo 2019GantiPresiden ,0,Positif,0.9948981404304504
0,1092702656269672448,semangatt02,2019-02-05 08:33:09,Menurut sobat twips paslon mana yang didukung oleh KH Maimoen Zubair Setelah vote tolong di Retweet yah biar seru JokowiLagi RomiMakelarDoa,,,444,Positif,0.860170841217041
0,1092702355588505600,Adypratama_AP,2019-02-05 08:31:57,,Mau mastikan gimana sih mbak jadi anggota aja belum coba coba mastikan dan sekarangkan mulai kampanye caleg ya bisalah ya obral janji supaya publik percaya tapi tak semudah itu ckckckck HoaxPropagandaRusia,HoaxPropagandaRusia 2019GantiPresiden ,0,Positif,0.7654906511306763
0,1092702180438667265,selaluindo,2019-02-05 08:31:15,,Milad ke Badan Kontak Majelis Taklim BKMT Deklarasikan Dukungan untuk Prabowo Sandi,,0,Positif,0.9827272295951843
0,1092702174138650626,wan_barbarian,2019-02-05 08:31:14,Tiga Dokter Terancam Dipecat karena Pakai Ikat Kepala Warganet Asal Solo Rasa Korea Utara,,2019GantiPresiden ,35,Negatif,0.029301824048161507
0,1092702145139351554,toranaga3000,2019-02-05 08:31:07,Tiga Dokter Terancam Dipecat karena Pakai Ikat Kepala Warganet Asal Solo Rasa Korea Utara,,2019GantiPresiden ,4,Negatif,0.029301824048161507
0,1092702123098140674,bprayoga2009,2019-02-05 08:31:02,,Lha yo uwis Disidang wae beres to Mumpung Jkw ijik jadi Aku takon nyaopo kog ga dadi masalah,2019GantiPresiden 2019PrabowoPresiden 2019PrabowoSandi ,0,Negatif,0.018831491470336914
0,1092701923742892032,wahyusakha1,2019-02-05 08:30:14,,id Selamat datang di rezim dunia terbalik dan maling teriak maling dimana manusia berlomba utk menjadi boneka membunuh nalar demi sebuah pembenaran PrabowoSandiUntukIndonesia PrabowoSandiIndonesiaJaya,2019GantiPresiden 2019PrabowoSandi 2019PrabowoPresiden PrabowoSandiUntukIndonesia PrabowoSandiIndonesiaJaya ,0,Positif,0.7770231366157532
0,1092701777156362240,SilentH0512,2019-02-05 08:29:39,,Yg penting dilaporkan dulu aja Pas baru ntar diproses se terang terang nya Yar tau rasa dia,2019GANTIPRESIDEN ,0,Netral,0.6136641502380371
0,1092701711993466880,swaranesia1,2019-02-05 08:29:24,,surajaya hair KalbarMenangkanPrabowoSandi maju tak gentar bisik bisik berbisik,KalbarMenangkanPrabowoSandi 2019GantiPresiden ,0,Positif,0.9156361818313599
0,1092701625271996416,ECantq,2019-02-05 08:29:03,,Ngakak so hard dg tim ini dipikir rakyat itu dungu macam mereka apa semakin gak sabar untuk RakyatSudahMuak,2019GantiPresiden 2019PrabowoPresidenRI RakyatSudahMuak ,0,Positif,0.9820260405540466
0,1092701612185776129,SofwanEffendi,2019-02-05 08:29:00,Akhirnya UAS bicara Begitu keras nya UAS membantahnya kali ini Yang bayar gajimu siapa Allah yg bayar Jangan sombong jangan angkuh Hey junjunganmu itu bukan Tuhan,,,808,Positif,0.8679341673851013
0,1092701530199752704,Abimanyu_05,2019-02-05 08:28:40,Tiga Dokter Terancam Dipecat karena Pakai Ikat Kepala Warganet Asal Solo Rasa Korea Utara,,2019GantiPresiden ,35,Negatif,0.029301824048161507
0,1092701474662973440,JuniSiddik,2019-02-05 08:28:27,,Mari kembali ke laptop,2019GantiPresiden ,0,Positif,0.995581328868866
0,1092701449920729094,randyapriansy12,2019-02-05 08:28:21,Tagar ditunggangi HTI Iya Buktinya Mardani Ali Sera dari PKS dan Ismail Yusanto jubir HTI membawa dampak video yang mengungkap statement untuk ganti sistem negara ini pleasespread sebarkan pleaseshare CapresBunglon,,2019gantipresiden ,4,Netral,0.6409056782722473
0,1092701443142733826,bprayoga2009,2019-02-05 08:28:20,,Lah pak teddy tekdung kayak gini kog diladeni Beneran dia mah model iklan sedot wc Nyablak ngasal yg penting orang baca Merendahkan bapak sj,2019GantiPresiden 2019PrabowoPresiden 2019PrabowoSandi ,0,Negatif,0.056089241057634354
0,1092701371910938625,FadhilahSamihah,2019-02-05 08:28:03,Akhirnya UAS bicara Begitu keras nya UAS membantahnya kali ini Yang bayar gajimu siapa Allah yg bayar Jangan sombong jangan angkuh Hey junjunganmu itu bukan Tuhan,,,808,Positif,0.8679341673851013
0,1092701302117695489,RikiAla36393569,2019-02-05 08:27:46,,tiada tahu Kaprikornus pemimpin bingung KoalisiPrabohong,2019PrabowoSandi 2019PrabowoPresiden 2019GantiPresiden 17AprilCoblosNomor2 17AprilPrabowoPresiden 17AprilPrabowoSandi 2019PrabowoPresidenRI KoalisiPrabohong ,0,Positif,0.8368125557899475
0,1092701076472483840,feriakbar18,2019-02-05 08:26:52,Menurut sobat twips paslon mana yang didukung oleh KH Maimoen Zubair Setelah vote tolong di Retweet yah biar seru JokowiLagi RomiMakelarDoa,,,444,Positif,0.860170841217041
0,1092701036265926656,wina_eny,2019-02-05 08:26:43,,Mhd Bebrapa kali pemilihan umum sy sll milih PBB dr sma suka dengan pak YIM krn punya komitemn untuk islam tapi kali sudah tidak,2019GantiPresiden ,0,Negatif,0.042924609035253525
0,1092700887078719488,Syam_un_Ghazi,2019-02-05 08:26:07,,org Htn FOLBACK,2019GantiPresiden ,0,Positif,0.7787083983421326
0,1092700881689010181,Ujest7,2019-02-05 08:26:06,Akhirnya UAS bicara Begitu keras nya UAS membantahnya kali ini Yang bayar gajimu siapa Allah yg bayar Jangan sombong jangan angkuh Hey junjunganmu itu bukan Tuhan,,,808,Positif,0.8679341673851013
0,1092700752034885632,Eka_Sapriyani,2019-02-05 08:25:35,,SalamSuksesBerjamaah SalamSuksesBersama,SalamSuksesBerjamaah SalamSuksesBersama 2019GantiPresiden ,0,Positif,0.7787083983421326
0,1092700698058252288,tikomcleod,2019-02-05 08:25:22,Kita Kampanye Damai aja ya Gaess Jgn spt yg Onoh Brutal Kita Kampanye Gembira aja Menang kok Ya gak,,,28,Positif,0.8675447702407837
0,1092700559965069312,mepolindo,2019-02-05 08:24:49,,Jokowi Ahok Prabowo Politik Meme Memepolitik Indonesia Anies Sandi Jakarta kpop hijab ILC islam Najwa MataNajwa bali travel cantik caleg pilpres duaperiode pks gerindra pdip gosip gubernur,Jokowi Ahok Prabowo Politik Meme Memepolitik Indonesia Anies Sandi Jakarta kpop hijab ILC islam Najwa MataNajwa bali travel cantik caleg pilpres piplres2019 t3tapjokowi duaperiode 2019gantipresiden pks gerindra pdip gosip gubernur ,0,Positif,0.9866628050804138
0,1092700421636812800,Muhammadsammel,2019-02-05 08:24:16,Akhirnya UAS bicara Begitu keras nya UAS membantahnya kali ini Yang bayar gajimu siapa Allah yg bayar Jangan sombong jangan angkuh Hey junjunganmu itu bukan Tuhan,,,808,Positif,0.8679341673851013
0,1092700372727021570,Alvino68383501,2019-02-05 08:24:04,,org Htn SALFOLL,2019GantiPresiden ,0,Positif,0.7787083983421326
0,1092700262207082496,SantaPradana,2019-02-05 08:23:38,Pesan Perjuangan Calon Presiden RI H Prabowo Subianto kepada Emak Emak dan Relawan IndonesiaMenang,,2019PrabowoPresidenRI ,20,Negatif,0.0028211623430252075
0,1092700217621700608,bprayoga2009,2019-02-05 08:23:27,,Lha kuwi uwong pekok kabeh Jaman nyaopo ga dimasalahno Kawit ga onok maneh sing nuntasno Nyaopo Wedi nek Wiranto,2019GantiPresiden 2019PrabowoPresiden 2019PrabowoSandi ,0,Negatif,0.053099799901247025
0,1092700106292260864,neng_nau,2019-02-05 08:23:01,Mantul cik koh,,2019PRABOWOPRESIDEN 2019GANTIPRESIDEN 2019PrabowoSandi 2019PrabowoPresiden ,134,Positif,0.7787083983421326
0,1092700042291367941,JuwitaMalam13,2019-02-05 08:22:46,Sandiaga Uno Silaturahmi ke Ponpes Roudhatul Chulfadh Demak,,,1,Positif,0.9314160943031311
0,1092700037824405504,Themark38825398,2019-02-05 08:22:45,,Mhd,2019GANTIPRESIDEN ,0,Positif,0.7787083983421326
0,1092699969427976193,yuliaariani13,2019-02-05 08:22:28,KalbarMenangkanPrabowoSandi,,KalbarMenangkanPrabowoSandi 2019PrabowoPresidenRI 2019GantiPresiden 2019JihadKawalTPS 17AprilGantiPresiden ,2,Positif,0.7787083983421326
0,1092699628552646656,NanaSuryacandra,2019-02-05 08:21:07,Mari kita bergerak Bersama Warga NU utk memenangkan PrabowoSandi Liatlah Nasehat dan Petuah Gus Miftah TIDAK ADA KEWAJIBAN warga NU memilih KMA Inshaa Allah IndonesiaAdilMakmur PrabowoSandiUntukIndonesia,,PrabowoSandi ,350,Positif,0.9966490864753723
0,1092699499183562752,bprayoga2009,2019-02-05 08:20:36,,Rusli Jiaah Lha emang apa yg diperbuat junjungan mu,2019GantiPresiden 2019PrabowoPresiden 2019PrabowoSandi ,0,Positif,0.8400858044624329
0,1092699314512572416,gizka_10,2019-02-05 08:19:52,,islam Iyaa bahayaa sdh cukup periode aja Insya Allah KalbarMenangkanPrabowoSandi,2019GantiPresiden KalbarMenangkanPrabowoSandi ,0,Positif,0.9967632293701172
0,1092699278055596032,Mbahmirtohsyon1,2019-02-05 08:19:43,RI komen RI DKI anton La p RI BANTEN RI JABAR RI JATENG RI JATIM rosaa cheese Vay Dz Dz Sagita hari lagi rezim tumbang,,,1,Positif,0.7787083983421326
0,1092699227971497985,frans_surya,2019-02-05 08:19:31,,Pendukung Ahok nangisin Ahok korban juga kanBangke,kanBangke 2019GantiPresiden ,0,Positif,0.7466685175895691
0,1092699174989000706,Batman08040505,2019-02-05 08:19:19,Akhirnya UAS bicara Begitu keras nya UAS membantahnya kali ini Yang bayar gajimu siapa Allah yg bayar Jangan sombong jangan angkuh Hey junjunganmu itu bukan Tuhan,,,808,Positif,0.8679341673851013
0,1092699157792403456,skandalmedia,2019-02-05 08:19:15,,B Gaya KO RUF tip Nomer atu dari gerombolan CakJancuk D RakyatSudahMuak,CakJancuk RakyatSudahMuak 2019GantiPresiden ,0,Negatif,0.2484295666217804
0,1092699147067482112,kangHastosaja,2019-02-05 08:19:12,Apakah Propaganda Rusia termasuk HOAX Setelah vote tolong di Retweet yah biar seru JokowiLagi HoaxPropagandaRusia,,2019JokowiMarufAmin ,186,Positif,0.9577326774597168
0,1092699050179088385,gotte4,2019-02-05 08:18:49,Akhirnya UAS bicara Begitu keras nya UAS membantahnya kali ini Yang bayar gajimu siapa Allah yg bayar Jangan sombong jangan angkuh Hey junjunganmu itu bukan Tuhan,,,808,Positif,0.8679341673851013
0,1092699044806180865,Herman6917,2019-02-05 08:18:48,Kalimantan Barat PAS Anak kecil beli sarden April ganti Presiden Anak kecil bajunya biru April Presiden baru Anak kecil menanam PADI April Prabowo Sandi,,,25,Negatif,0.007093915715813637
0,1092698883665186817,Mbahmirtohsyon1,2019-02-05 08:18:09,Mobil akan keliling Pulau Jawa,,2019GantiPresiden 2019PrabowoPresidenRI ,33,Positif,0.9715369939804077
0,1092698861624164352,MuchidInsight,2019-02-05 08:18:04,,Tanamlah akal sehat sejak dini PrabowoSandiIndonesiaJaya PrabowoSandi,2019prabowopresiden 2019Gantipresiden PrabowoSandiIndonesiaJaya PrabowoSandi ,0,Positif,0.7787083983421326
0,1092698781856886784,pitutururip,2019-02-05 08:17:45,Kalimantan Barat PAS Anak kecil beli sarden April ganti Presiden Anak kecil bajunya biru April Presiden baru Anak kecil menanam PADI April Prabowo Sandi,,,25,Negatif,0.007093915715813637
0,1092698722708815872,asoneparani,2019-02-05 08:17:31,Izinkan sy brcerita di bwh soal akr rumput ini abng gojek kakek penjual buku amp mb pelayan warung Semoga mmbantu menepis keyakinan masy kcl ingin jkw priode No Kenyataannya di lap masy justru sgt realistis amp sdh muak dg kondisi hidup mereka saat ini,,,189,Negatif,0.25189176201820374
0,1092698711417749505,dadangabdullah9,2019-02-05 08:17:28,Akhirnya UAS bicara Begitu keras nya UAS membantahnya kali ini Yang bayar gajimu siapa Allah yg bayar Jangan sombong jangan angkuh Hey junjunganmu itu bukan Tuhan,,,808,Positif,0.8679341673851013
0,1092698642085892097,AbdullahKhareem,2019-02-05 08:17:12,Kalimantan Barat PAS Anak kecil beli sarden April ganti Presiden Anak kecil bajunya biru April Presiden baru Anak kecil menanam PADI April Prabowo Sandi,,,25,Negatif,0.007093915715813637
0,1092698546233438208,swaranesia1,2019-02-05 08:16:49,,org Htn tak ada jalan Laen AllahuAkbar AllahuAkbar,2019GantiPresiden ,0,Negatif,0.018336785957217216
0,1092698514281226240,AgusSal76971529,2019-02-05 08:16:41,,Tim Jokowi Yakin Bisa Kalahkan Emak Emak Pendukung Prabowo Sandiaga PrabowoSandiOK PrabowoSandiAja KPUwajibNetral,2019GantiPresiden PrabowoSandiOK PrabowoSandiAja KPUwajibNetral ,0,Netral,0.4733487069606781
0,1092698507364859904,suaraRakyt,2019-02-05 08:16:40,,Senantiasa bersama umat menang atau kalah Ust Bachtiar Nasir,2019GantiPresiden ,0,Positif,0.7787083983421326
0,1092698503329964032,tikomcleod,2019-02-05 08:16:39,Mantul cik koh,,2019PRABOWOPRESIDEN 2019GANTIPRESIDEN 2019PrabowoSandi 2019PrabowoPresiden ,134,Positif,0.7787083983421326
0,1092698467971981312,Partono_ADjem,2019-02-05 08:16:30,ADjem Jelek Provokator Fekook Jancuk tenan mmg,,2019GantiPresiden ,1,Positif,0.7787083983421326
0,1092698315286667264,isurganteng,2019-02-05 08:15:54,Izinkan sy brcerita di bwh soal akr rumput ini abng gojek kakek penjual buku amp mb pelayan warung Semoga mmbantu menepis keyakinan masy kcl ingin jkw priode No Kenyataannya di lap masy justru sgt realistis amp sdh muak dg kondisi hidup mereka saat ini,,,189,Negatif,0.25189176201820374
0,1092698236836409344,wahyusakha1,2019-02-05 08:15:35,,Selamat datang di rezim dunia terbalik dan maling teriak maling dimana manusia berlomba utk menjadi boneka membunuh nalar demi sebuah pembenaran PrabowoSandiUntukIndonesia,2019GantiPresiden 2019PrabowoSandi 2019PrabowoPresiden PrabowoSandiUntukIndonesia ,0,Positif,0.7770231366157532
0,1092698200157257728,MaxDy8,2019-02-05 08:15:26,Kalimantan Barat PAS Anak kecil beli sarden April ganti Presiden Anak kecil bajunya biru April Presiden baru Anak kecil menanam PADI April Prabowo Sandi,,,25,Negatif,0.007093915715813637
0,1092698187150675968,bayuasmor,2019-02-05 08:15:23,,Ayo pake data bang saya oposisi yg paling anti pake hoaks hoaks sampah memang pemerintahan kali ini gagal,2019gantipresiden ,0,Negatif,0.15645991265773773
0,1092698147837464582,FilosofiSumanto,2019-02-05 08:15:14,Izinkan sy brcerita di bwh soal akr rumput ini abng gojek kakek penjual buku amp mb pelayan warung Semoga mmbantu menepis keyakinan masy kcl ingin jkw priode No Kenyataannya di lap masy justru sgt realistis amp sdh muak dg kondisi hidup mereka saat ini,,,189,Negatif,0.25189176201820374
0,1092698090530717697,AdamMuh70143482,2019-02-05 08:15:00,ASsalamualaikum Follow berjamaah Caranya Follow org amp RT Tulis TAGAR di kolom komentar komen follback Yg RT LIKE dan koment SalingFollow Cek siapa yg komen SALFOL berlaku jam Saatnya MEROKET sbnrnya,,2019GantiPresiden ,4,Negatif,0.002523232251405716
0,1092697978463109120,fadlirinsa,2019-02-05 08:14:34,Pesan Perjuangan Calon Presiden RI H Prabowo Subianto kepada Emak Emak dan Relawan IndonesiaMenang,,2019PrabowoPresidenRI ,20,Negatif,0.0028211623430252075
0,1092697969218867200,Selviyana81,2019-02-05 08:14:31,,Justru yg sering mengeluarkan hoax itu ya Bapak sendiri kok malah nuduh orang lain sampek ke tetangga sebelah pula ItuNamanyaJancuk HoaxPropagandaRusia,ItuNamanyaJancuk HoaxPropagandaRusia 2019GantiPresiden ,0,Positif,0.8242689967155457
0,1092697906732122113,bocahbarru,2019-02-05 08:14:16,Izinkan sy brcerita di bwh soal akr rumput ini abng gojek kakek penjual buku amp mb pelayan warung Semoga mmbantu menepis keyakinan masy kcl ingin jkw priode No Kenyataannya di lap masy justru sgt realistis amp sdh muak dg kondisi hidup mereka saat ini,,,189,Negatif,0.25189176201820374
0,1092697816814694400,deckvince,2019-02-05 08:13:55,Izinkan sy brcerita di bwh soal akr rumput ini abng gojek kakek penjual buku amp mb pelayan warung Semoga mmbantu menepis keyakinan masy kcl ingin jkw priode No Kenyataannya di lap masy justru sgt realistis amp sdh muak dg kondisi hidup mereka saat ini,,,189,Negatif,0.25189176201820374
0,1092697660144971778,Kabar_RGP,2019-02-05 08:13:18,,Istri Sandiaga Kita Doa Bersama Kalau Bisa Kita Penuhi Masjid,,0,Positif,0.9480960965156555
0,1092697657427091456,Kabar_RGP,2019-02-05 08:13:17,,Bidik Kaum Milenial Sandiaga Uno Luncurkan Merek Merchandise Thesandiuno,,0,Positif,0.7787083983421326
0,1092697655317278727,Kabar_RGP,2019-02-05 08:13:17,,Bawaslu Putuskan Pidato Kebangsaan Prabowo Tak Langgar Kampanye,,0,Negatif,0.007739594671875238
0,1092697653203357696,Kabar_RGP,2019-02-05 08:13:16,,Imlek Sandiaga Bakal Temui Sahabat Tionghoa di Solo,,0,Positif,0.8291372060775757
0,1092697629673193472,AydinMoenaf,2019-02-05 08:13:10,Akhirnya UAS bicara Begitu keras nya UAS membantahnya kali ini Yang bayar gajimu siapa Allah yg bayar Jangan sombong jangan angkuh Hey junjunganmu itu bukan Tuhan,,,808,Positif,0.8679341673851013
0,1092697586526375936,2019harapanbaru,2019-02-05 08:13:00,Mantul cik koh,,2019PRABOWOPRESIDEN 2019GANTIPRESIDEN 2019PrabowoSandi 2019PrabowoPresiden ,134,Positif,0.7787083983421326
0,1092697528603033600,agusrudi_Htn,2019-02-05 08:12:46,,org salingfollow,2019GantiPresiden salingfollow ,0,Positif,0.7787083983421326
0,1092697512605929472,ArdionoBarkah,2019-02-05 08:12:43,Kode Keras dari Habib Bahar Smith Salam Akal Sehat,,2019GantiPresiden 2019PrabowoPresidenRI ,148,Negatif,0.23900867998600006
0,1092697469220208641,PrimaVardhana,2019-02-05 08:12:32,,Alumni Unair dan ITS pastikan dukung Prabowo Sandi Sip sip sip Lalu yang dukung sebelah dengan bendera Almuni Unair dan It s itu sopoo UkhuwahIslamiyah,UkhuwahIslamiyah 2019GantiPresiden 2019PrabowoSandi ,0,Positif,0.9878782629966736
0,1092697465336287232,FaisalZaini0411,2019-02-05 08:12:31,Tiga Dokter Terancam Dipecat karena Pakai Ikat Kepala Warganet Asal Solo Rasa Korea Utara,,2019GantiPresiden ,16,Negatif,0.029301824048161507
0,1092697391554211840,yramadhanilee,2019-02-05 08:12:14,,Kami tetap ingin ganti presiden semua itu hoax,2019gantipresiden ,0,Positif,0.9894160628318787
0,1092697377629032448,idaharjuno90,2019-02-05 08:12:10,Akhirnya UAS bicara Begitu keras nya UAS membantahnya kali ini Yang bayar gajimu siapa Allah yg bayar Jangan sombong jangan angkuh Hey junjunganmu itu bukan Tuhan,,,808,Positif,0.8679341673851013
0,1092697355680329728,agusrudi_Htn,2019-02-05 08:12:05,ASsalamualaikum Follow berjamaah Caranya Follow org amp RT Tulis TAGAR di kolom komentar komen follback Yg RT LIKE dan koment SalingFollow Cek siapa yg komen SALFOL berlaku jam Saatnya MEROKET sbnrnya,,2019GantiPresiden ,4,Negatif,0.002523232251405716
0,1092697171592278017,champbrb,2019-02-05 08:11:21,,,2019GantiPresiden ,0,Positif,0.7787083983421326
0,1092697160171180032,purwoto_sugeng,2019-02-05 08:11:18,Akhirnya UAS bicara Begitu keras nya UAS membantahnya kali ini Yang bayar gajimu siapa Allah yg bayar Jangan sombong jangan angkuh Hey junjunganmu itu bukan Tuhan,,,808,Positif,0.8679341673851013
0,1092697152248139776,Rangkoto15,2019-02-05 08:11:17,Izinkan sy brcerita di bwh soal akr rumput ini abng gojek kakek penjual buku amp mb pelayan warung Semoga mmbantu menepis keyakinan masy kcl ingin jkw priode No Kenyataannya di lap masy justru sgt realistis amp sdh muak dg kondisi hidup mereka saat ini,,,189,Negatif,0.25189176201820374
0,1092697059113656320,jibotu,2019-02-05 08:10:54,,org Done pls follback,2019GantiPresiden ,0,Positif,0.7787083983421326
0,1092696843950026758,kustiana_best,2019-02-05 08:10:03,Resmi GNPF Ulama dukung kemenangan PKS di Pileg AyoLebihBaik,,AyoLebihBaik 2019PilihPKS 2019GantiPresiden 2019PrabowoPresidenRI ,22,Negatif,0.03294827789068222
0,1092696694708260864,azzam_a1,2019-02-05 08:09:27,,ID Official Cuma PKS yang bro,2019GantiPresiden 2019PilihPKS ,0,Positif,0.7097975611686707
0,1092696645089652737,Bashudewa22,2019-02-05 08:09:16,Akhirnya UAS bicara Begitu keras nya UAS membantahnya kali ini Yang bayar gajimu siapa Allah yg bayar Jangan sombong jangan angkuh Hey junjunganmu itu bukan Tuhan,,,808,Positif,0.8679341673851013
0,1092696598595854339,Adypratama_AP,2019-02-05 08:09:05,,Mantap pak menuju Jateng yang bersih dari polusi JatengGayeng,JatengGayeng 2019GantiPresiden ,0,Negatif,0.001585042686201632
0,1092696458371846144,gendhuk_peppy,2019-02-05 08:08:31,,Krn kinerjanya tdk ad yg bisa dibanggakan yaa begini Smg Allah meridhoi PrabowoSandiIndonesiaJaya AdilMakmur,2019GantiPresiden PrabowoSandiIndonesiaJaya AdilMakmur ,0,Positif,0.9417495727539062
0,1092696346614611968,HasrulHasrul4,2019-02-05 08:08:05,Kalimantan Barat PAS Anak kecil beli sarden April ganti Presiden Anak kecil bajunya biru April Presiden baru Anak kecil menanam PADI April Prabowo Sandi,,,25,Negatif,0.007093915715813637
0,1092696251361968130,bustomble,2019-02-05 08:07:42,,Eling eling eling Segera,2019GantiPresiden ,0,Positif,0.7787083983421326
0,1092696036307480577,Adypratama_AP,2019-02-05 08:06:51,,Wah semoga pak ganjar bisa membangkitkan dan membangun industri otomotif masa depan khususnya di Jateng agar suasana lingkungan di Jateng semakin asri semangat pak JatengGayeng,JatengGayeng 2019GantiPresiden ,0,Negatif,0.00595437316223979
0,1092695961699213312,edysumar,2019-02-05 08:06:33,Izinkan sy brcerita di bwh soal akr rumput ini abng gojek kakek penjual buku amp mb pelayan warung Semoga mmbantu menepis keyakinan masy kcl ingin jkw priode No Kenyataannya di lap masy justru sgt realistis amp sdh muak dg kondisi hidup mereka saat ini,,,189,Negatif,0.25189176201820374
0,1092695875401338880,bredal_edy,2019-02-05 08:06:12,Kalimantan Barat PAS Anak kecil beli sarden April ganti Presiden Anak kecil bajunya biru April Presiden baru Anak kecil menanam PADI April Prabowo Sandi,,,25,Negatif,0.007093915715813637
0,1092695724611915777,aniek_rizka,2019-02-05 08:05:36,,,2019GantiPresiden ,0,Positif,0.7787083983421326
0,1092695585365184512,imron_berly,2019-02-05 08:05:03,,Tanda tanda nyungsep sdh dekat,2019GantiPresiden ,0,Netral,0.4765041768550873
0,1092695542105165824,LebahBorneo,2019-02-05 08:04:53,,BAWOR DukungRosa,DukungRosa 17AprilCoblosPrabowoSandi 2019GantiPresiden ,0,Positif,0.7787083983421326
0,1092695525042794498,ngaciro,2019-02-05 08:04:49,Kalimantan Barat PAS Anak kecil beli sarden April ganti Presiden Anak kecil bajunya biru April Presiden baru Anak kecil menanam PADI April Prabowo Sandi,,,25,Negatif,0.007093915715813637
0,1092695497695875073,Ngadiono_cla10,2019-02-05 08:04:42,Tiga Dokter Terancam Dipecat karena Pakai Ikat Kepala Warganet Asal Solo Rasa Korea Utara,,2019GantiPresiden ,16,Negatif,0.029301824048161507
0,1092695410437545984,rendroko,2019-02-05 08:04:21,Kalimantan Barat PAS Anak kecil beli sarden April ganti Presiden Anak kecil bajunya biru April Presiden baru Anak kecil menanam PADI April Prabowo Sandi,,,25,Negatif,0.007093915715813637
0,1092695336445829121,Gobang38565024,2019-02-05 08:04:04,Kalimantan Barat PAS Anak kecil beli sarden April ganti Presiden Anak kecil bajunya biru April Presiden baru Anak kecil menanam PADI April Prabowo Sandi,,,25,Negatif,0.007093915715813637
0,1092695331119087617,mazjacksr,2019-02-05 08:04:02,Pesan Perjuangan Calon Presiden RI H Prabowo Subianto kepada Emak Emak dan Relawan IndonesiaMenang,,2019PrabowoPresidenRI ,20,Negatif,0.0028211623430252075
0,1092695256129200128,reformasimental,2019-02-05 08:03:45,ASsalamualaikum Follow berjamaah Caranya Follow org amp RT Tulis TAGAR di kolom komentar komen follback Yg RT LIKE dan koment SalingFollow Cek siapa yg komen SALFOL berlaku jam Saatnya MEROKET sbnrnya,,2019GantiPresiden ,4,Negatif,0.002523232251405716
0,1092695064747352064,antonsuranton,2019-02-05 08:02:59,,Istri Sandiaga Kita Doa Bersama Kalau Bisa Kita Penuhi Masjid IndonesiaAdilMakmur,IndonesiaAdilMakmur ,0,Positif,0.9480960965156555
0,1092695003032416256,Kerja4As,2019-02-05 08:02:44,,Istri Sandiaga Kita Doa Bersama Kalau Bisa Kita Penuhi Masjid,2019GantiPresiden ,0,Positif,0.9480960965156555
0,1092694929891983360,makruf_23,2019-02-05 08:02:27,Tiga Dokter Terancam Dipecat karena Pakai Ikat Kepala Warganet Asal Solo Rasa Korea Utara,,2019GantiPresiden ,16,Negatif,0.029301824048161507
0,1092694879791022080,zein_elnino,2019-02-05 08:02:15,ASsalamualaikum Follow berjamaah Caranya Follow org amp RT Tulis TAGAR di kolom komentar komen follback Yg RT LIKE dan koment SalingFollow Cek siapa yg komen SALFOL berlaku jam Saatnya MEROKET sbnrnya,,2019GantiPresiden ,4,Negatif,0.002523232251405716
0,1092694823327490048,selaluindo,2019-02-05 08:02:01,,Istri Sandiaga Kita Doa Bersama Kalau Bisa Kita Penuhi Masjid,,0,Positif,0.9480960965156555
0,1092694786945896450,BungRahmat_0099,2019-02-05 08:01:53,,Haean Hoax kangenndidemo Hoax janji gak ngutang Hoax gak pernah minum kopi Hoax Pertamina akan kalahkan Petronas DLL,2019GantiPresiden ,0,Negatif,0.3689029812812805
0,1092694774253944832,Soewono9,2019-02-05 08:01:50,Internal Alhamdulillah vs SW Selisih geb Jika kita naik maka mereka turun SW masih belum bergerak di angka Insya Allah pekan ini Cross Berdoa amp Berusaha,,Internal ,2340,Positif,0.9719952940940857
0,1092694738061410309,PrimaVardhana,2019-02-05 08:01:41,,Saat kaum muslim terpelajar sudah Acungkan Dua Jari lalu yang ndek sana yang bagaimana duluur UkhuwahIslamiyah,UkhuwahIslamiyah 2019GantiPresiden 2019PrabowoSandi 2019PrabowoPresiden 2019SaatnyaMuslimCerdas ,0,Positif,0.8748770356178284
0,1092694530267074561,Partycipantz,2019-02-05 08:00:51,Kalimantan Barat PAS Anak kecil beli sarden April ganti Presiden Anak kecil bajunya biru April Presiden baru Anak kecil menanam PADI April Prabowo Sandi,,,25,Negatif,0.007093915715813637
0,1092694500164612096,Adypratama_AP,2019-02-05 08:00:44,,Mantap pak semoga yang lain bisa diperbaiki sesegera mungkin ya pak karena itu menyangkut keselamatan berkendara JatengGayeng,JatengGayeng 2019GantiPresiden ,0,Negatif,0.008276966400444508
0,1092694444401352704,DrAnsori,2019-02-05 08:00:31,,YangGajiKamuSiapa Kayaknya ini pengalihan perhatian soalnya masyarakat tidak bodoh menilai rezim ini YangGajiKamuSiapa SaveAktivisBelaIslam JanganPakaiTOL,YangGajiKamuSiapa YangGajiKamuSiapa SaveAktivisBelaIslam JanganPakaiTOL 2019GantiPresiden ,0,Negatif,0.0013797986321151257
0,1092694340843917312,MahdiShutar,2019-02-05 08:00:06,Izinkan sy brcerita di bwh soal akr rumput ini abng gojek kakek penjual buku amp mb pelayan warung Semoga mmbantu menepis keyakinan masy kcl ingin jkw priode No Kenyataannya di lap masy justru sgt realistis amp sdh muak dg kondisi hidup mereka saat ini,,,189,Negatif,0.25189176201820374
0,1092694167455621120,iSantri_org,2019-02-05 07:59:25,,ASsalamualaikum Follow berjamaah Caranya Follow org amp RT Tulis TAGAR di kolom komentar komen follback Yg RT LIKE dan koment SalingFollow Cek siapa yg komen SALFOL berlaku jam Saatnya MEROKET sbnrnya,2019GantiPresiden 2019GantiPresiden SalingFollow ,4,Negatif,0.015064709819853306
0,1092694163462602752,MohamadCendikia,2019-02-05 07:59:24,,,2019GantiPresiden ,0,Positif,0.7787083983421326
0,1092694097339531264,PrimaVardhana,2019-02-05 07:59:08,,Ini nasehat yang baik seorang muslimah Mohon diikuti April coblos nomor yoo UkhuwahIslamiyah,UkhuwahIslamiyah 2019GantiPresiden 2019PrabowoSandi 2019PrabowoPresiden 2019SaatnyaMuslimCerdas ,0,Positif,0.8313829302787781
0,1092693879143292928,sean_husen,2019-02-05 07:58:16,,folback,2019GantiPresiden ,0,Positif,0.7787083983421326
0,1092693871438393345,PemburuCebi,2019-02-05 07:58:14,Tiga dokter terancam dipecat karena pakai ikat kepala akibat kejadian itu dia telah dipanggil Bawaslu Sintang pada tanggal Januari KriminalisasiADPBuktiOtoriter StopKriminalisasiOposisi,,2019GantiPresiden ,1,Negatif,0.10095896571874619
0,1092693791968976896,rojasazky,2019-02-05 07:57:55,Izinkan sy brcerita di bwh soal akr rumput ini abng gojek kakek penjual buku amp mb pelayan warung Semoga mmbantu menepis keyakinan masy kcl ingin jkw priode No Kenyataannya di lap masy justru sgt realistis amp sdh muak dg kondisi hidup mereka saat ini,,,189,Negatif,0.25189176201820374
0,1092693706291826690,Asyifa240515,2019-02-05 07:57:35,,Ayo bergarak periksadpt KyaiMaimoenDoakanPrabowo,periksadpt KyaiMaimoenDoakanPrabowo 2019GantiPresiden ,0,Positif,0.965268075466156
0,1092693679184044033,abu_syfa,2019-02-05 07:57:29,Tiga Dokter Terancam Dipecat karena Pakai Ikat Kepala Warganet Asal Solo Rasa Korea Utara,,2019GantiPresiden ,16,Negatif,0.029301824048161507
0,1092693520740020224,abd_kodir,2019-02-05 07:56:51,Tiga Dokter Terancam Dipecat karena Pakai Ikat Kepala Warganet Asal Solo Rasa Korea Utara,,2019GantiPresiden ,35,Negatif,0.029301824048161507
0,1092693451122995201,Yuyun04503860,2019-02-05 07:56:34,,Pinjami itu membantu Jangan Riba Setuju saya kalau membantu Rakyat,susi2periode 2019GantiPresiden ,0,Positif,0.9563105702400208
0,1092693279211085825,bustomble,2019-02-05 07:55:53,,Boa edan,2019GantiPresiden ,0,Positif,0.7787083983421326
0,1092692884648644610,Febrian2Sinta,2019-02-05 07:54:19,Prabowo bilang ia tidak menopang khilafah namun nyatanya Ia mengerti tagar merupakan tagar yang ditunggangi HTI bagikan viralkan sebarkan CapresBunglon,,2019gantipresiden ,6,Negatif,0.0012105146888643503
0,1092692851337523200,Faira20521569,2019-02-05 07:54:11,Apakah Propaganda Rusia termasuk HOAX Setelah vote tolong di Retweet yah biar seru JokowiLagi HoaxPropagandaRusia,,2019JokowiMarufAmin ,186,Positif,0.9577326774597168
0,1092692728809381889,AzfarCinaya,2019-02-05 07:53:42,,Idn Biarkan saja mereka bersuara Kita dengarkan aja kebodohan mereka,2019GantiPresiden ,0,Positif,0.9891923069953918
0,1092692468204597248,nando_20,2019-02-05 07:52:40,Tiga Dokter Terancam Dipecat karena Pakai Ikat Kepala Warganet Asal Solo Rasa Korea Utara,,2019GantiPresiden ,35,Negatif,0.029301824048161507
0,1092692441998577664,monotuhguee7,2019-02-05 07:52:34,Pesan Perjuangan Calon Presiden RI H Prabowo Subianto kepada Emak Emak dan Relawan IndonesiaMenang,,2019PrabowoPresidenRI ,20,Negatif,0.0028211623430252075
0,1092692353331093504,MjWenur,2019-02-05 07:52:12,Kalimantan Barat PAS Anak kecil beli sarden April ganti Presiden Anak kecil bajunya biru April Presiden baru Anak kecil menanam PADI April Prabowo Sandi,,,25,Negatif,0.007093915715813637
0,1092691810600640512,87_Jul4y,2019-02-05 07:50:03,Tiga Dokter Terancam Dipecat karena Pakai Ikat Kepala Warganet Asal Solo Rasa Korea Utara,,2019GantiPresiden ,16,Negatif,0.029301824048161507
0,1092691642014814208,Nurasyor,2019-02-05 07:49:23,Kalimantan Barat PAS Anak kecil beli sarden April ganti Presiden Anak kecil bajunya biru April Presiden baru Anak kecil menanam PADI April Prabowo Sandi,,,25,Negatif,0.007093915715813637
0,1092691399667929089,pt_anisha,2019-02-05 07:48:25,Tagar ditunggangi HTI Iya Buktinya Mardani Ali Sera dari PKS dan Ismail Yusanto jubir HTI membawa dampak video yang mengungkap statement untuk ganti sistem negara ini pleasespread sebarkan pleaseshare CapresBunglon,,2019gantipresiden ,4,Netral,0.6409056782722473
